合计字体数：186,商品ID,商品标题,商品商标,商品价格,备注
字语：8,2710275,造字侠磅礴简繁,锐字家族,,永久授权
锐字：2,2518110,潮字社小石简繁,锐字家族,,永久授权
轻设计平台免费字体：176,2710584,字语趣淘体,字语字库,,永久授权
互动、鎏金字仅可用,2563765,字语咏乐体,字语字库,,永久授权
,2710600,字语文尚体,字语字库,,永久授权
,2710566,字语嘟嘟体,字语字库,,永久授权
,2710573,字语飞扬行书,字语字库,,永久授权
,2710585,字语趣行体,字语字库,,永久授权
,2710598,字语文清体,字语字库,,永久授权
,2710577,字语俊言体,字语字库,,永久授权
,"
2772611",阿里妈妈灵动体,轻设计平台免费字体,,/
,"
2772612",阿里妈妈刀隶体,轻设计平台免费字体,,/
,"
2772613",阿里妈妈方圆体,轻设计平台免费字体,,/
,"
2680910",CherryBombOne-Regular,轻设计平台免费字体,免费,/
,2680908,GochiHand-Regular,轻设计平台免费字体,免费,/
,2680906,PressStart2P-Regular,轻设计平台免费字体,免费,/
,2680907,Koulen-Regular,轻设计平台免费字体,免费,/
,2572856,阿里巴巴普惠体2.0大粗115,轻设计平台免费字体,免费,/
,2572855,阿里巴巴普惠体2.0加粗105,轻设计平台免费字体,免费,/
,2572854,阿里巴巴普惠体2.0中体65,轻设计平台免费字体,免费,/
,2572853,阿里巴巴普惠体2.0常规55,轻设计平台免费字体,免费,/
,2572852,阿里巴巴普惠体2.0细体45,轻设计平台免费字体,免费,/
,2551153,Teko-Regular,轻设计平台免费字体,免费,/
,2551152,Teko-Light,轻设计平台免费字体,免费,/
,2551151,Teko-Bold,轻设计平台免费字体,免费,/
,2551148,Playball-Regular,轻设计平台免费字体,免费,/
,2551146,NanumMyeongjo-Regular,轻设计平台免费字体,免费,/
,2551145,NanumMyeongjo-ExtraBold,轻设计平台免费字体,免费,/
,2551143,NanumMyeongjo-Bold,轻设计平台免费字体,免费,/
,2551140,HarmonyOS-Sans-Thin-Italic,轻设计平台免费字体,免费,/
,2551139,HarmonyOS-Sans-Regular-Italic,轻设计平台免费字体,免费,/
,2551138,HarmonyOS-Sans-Naskh-Arabic-Regular,轻设计平台免费字体,免费,/
,2551137,HarmonyOS-Sans-Naskh-Arabic-Light,轻设计平台免费字体,免费,/
,2551136,HarmonyOS-Sans-Naskh-Arabic-Bold,轻设计平台免费字体,免费,/
,2551135,HarmonyOS-Sans-Light-Italic,轻设计平台免费字体,免费,/
,2551134,HarmonyOS-Sans-Bold-Italic,轻设计平台免费字体,免费,/
,2551129,Cinzel-Regular,轻设计平台免费字体,免费,/
,2551128,Cinzel-Bold,轻设计平台免费字体,免费,/
,2551127,Cinzel-Black,轻设计平台免费字体,免费,/
,2551125,Baumans-Regular,轻设计平台免费字体,免费,/
,2548041,仓耳渔阳体W05,轻设计平台免费字体,免费,/
,2548039,仓耳渔阳体W03,轻设计平台免费字体,免费,/
,2548040,仓耳渔阳体W04,轻设计平台免费字体,免费,/
,2548037,仓耳渔阳体W01,轻设计平台免费字体,免费,/
,2548038,仓耳渔阳体W02,轻设计平台免费字体,免费,/
,2548033,思源宋体细体,轻设计平台免费字体,免费,/
,2548031,思源宋体加粗,轻设计平台免费字体,免费,/
,2548032,思源宋体常规,轻设计平台免费字体,免费,/
,2548026,仓耳与墨W05,轻设计平台免费字体,免费,/
,2548024,仓耳与墨W03,轻设计平台免费字体,免费,/
,2548025,仓耳与墨W04,轻设计平台免费字体,免费,/
,2548022,仓耳与墨W01,轻设计平台免费字体,免费,/
,2548023,仓耳与墨W02,轻设计平台免费字体,免费,/
,2548019,仓耳舒圆体W03,轻设计平台免费字体,免费,/
,2548020,仓耳舒圆体W04,轻设计平台免费字体,免费,/
,2548018,仓耳舒圆体W02,轻设计平台免费字体,免费,/
,2548016,仓耳非白W05,轻设计平台免费字体,免费,/
,2548017,仓耳舒圆体W01,轻设计平台免费字体,免费,/
,2548015,仓耳非白W04,轻设计平台免费字体,免费,/
,2548014,仓耳非白W03,轻设计平台免费字体,免费,/
,2548012,仓耳非白W01,轻设计平台免费字体,免费,/
,2548013,仓耳非白W02,轻设计平台免费字体,免费,/
,2547993,文明宋粗体,轻设计平台免费字体,免费,/
,2129359,仓耳舒圆体W05,轻设计平台免费字体,免费,/
,2129361,OPPOSans-H,轻设计平台免费字体,免费,/
,1856286,soul-handwriting,轻设计平台免费字体,免费,/
,1856284,Aclonica-Regular,轻设计平台免费字体,免费,/
,1856285,Bangers-Regular,轻设计平台免费字体,免费,/
,1856281,Kaushanscript,轻设计平台免费字体,免费,/
,1856274,AguafinaScript-Regular,轻设计平台免费字体,免费,/
,1856276,League-Script,轻设计平台免费字体,免费,/
,1856272,BalooBhaina-Regular,轻设计平台免费字体,免费,/
,1856270,AlegreyaSansSC-Black,轻设计平台免费字体,免费,/
,1852670,思源黑体normal（默认字体）,轻设计平台免费字体,免费,/
,1290576,站酷小薇LOGO体,轻设计平台免费字体,免费,/
,1290577,站酷文艺体,轻设计平台免费字体,免费,/
,1290575,站酷庆科黄油体,轻设计平台免费字体,免费,/
,792934,站酷高端黑,轻设计平台免费字体,免费,/
,792935,站酷酷黑,轻设计平台免费字体,免费,/
,792936,站酷快乐体,轻设计平台免费字体,免费,/
,792634,AiDeep,轻设计平台免费字体,免费,/
,792635,Arual,轻设计平台免费字体,免费,/
,"
2705280",扛重族黑,轻设计平台免费字体,付费,/
,2705279,繁媛明朝 粗,轻设计平台免费字体,付费,/
,2705278,Are You Okay,轻设计平台免费字体,付费,/
,2705277,荆南缘默体,轻设计平台免费字体,付费,/
,2680911,抖音美好体,轻设计平台免费字体,付费,/
,2572974,珠圆体,轻设计平台免费字体,付费,/
,2572973,雷盖体2.0,轻设计平台免费字体,付费,/
,2572972,江城解星体1.3,轻设计平台免费字体,付费,/
,2572971,汇文筑地五号明朝体1.0,轻设计平台免费字体,付费,/
,2572970,寒蝉宽黑体2.0,轻设计平台免费字体,付费,/
,2572968,斗鱼追光体2.0,轻设计平台免费字体,付费,/
,2572969,龚帆免费体2.0,轻设计平台免费字体,付费,/
,2572967,宅在家自动笔,轻设计平台免费字体,付费,/
,2572966,宅在家麦克笔,轻设计平台免费字体,付费,/
,2572965,源影黑体,轻设计平台免费字体,付费,/
,2572963,逐浪萌芽字,轻设计平台免费字体,付费,/
,2572964,字魂扁桃体,轻设计平台免费字体,付费,/
,2572962,素材集市社会体,轻设计平台免费字体,付费,/
,2572961,素材集市康康体3.0,轻设计平台免费字体,付费,/
,2572878,花仿宋,轻设计平台免费字体,付费,/
,2572872,有爱锐方-常规,轻设计平台免费字体,付费,/
,2572871,有爱锐方-中体,轻设计平台免费字体,付费,/
,2572870,有爱锐方-细体,轻设计平台免费字体,付费,/
,2572869,有爱锐方-加细体,轻设计平台免费字体,付费,/
,2572868,有爱锐方-加粗,轻设计平台免费字体,付费,/
,2572866,波塔,轻设计平台免费字体,付费,/
,2572861,文泉驿正黑,轻设计平台免费字体,付费,/
,2572860,文泉驿微米黑,轻设计平台免费字体,付费,/
,2572858,喃那宋-常规,轻设计平台免费字体,付费,/
,2572857,喃那宋-细体,轻设计平台免费字体,付费,/
,2563770,有爱圆体-常规,轻设计平台免费字体,付费,/
,2563769,有爱圆体-中体,轻设计平台免费字体,付费,/
,2563768,有爱圆体-细体,轻设计平台免费字体,付费,/
,2563767,有爱圆体-粗体,轻设计平台免费字体,付费,/
,2551150,Sacramento-Regular,轻设计平台免费字体,付费,/
,2551149,sa-digital-number,轻设计平台免费字体,付费,/
,2551147,PetitFormalScript-Regular,轻设计平台免费字体,付费,/
,2551142,LoveLight-Regular,轻设计平台免费字体,付费,/
,2551141,Lobster-Regular,轻设计平台免费字体,付费,/
,2551133,Girassol-Regular,轻设计平台免费字体,付费,/
,2551132,Fascinate-Regular,轻设计平台免费字体,付费,/
,2551131,DancingScript,轻设计平台免费字体,付费,/
,2551130,ClimateCrisis-Regular,轻设计平台免费字体,付费,/
,2551126,Chomsky,轻设计平台免费字体,付费,/
,2551124,Ballet-Regular,轻设计平台免费字体,付费,/
,2551123,grandhotel-8zyz,轻设计平台免费字体,付费,/
,2548035,台北黑体细体,轻设计平台免费字体,付费,/
,2548036,台北黑体常规,轻设计平台免费字体,付费,/
,2548034,台北黑体粗体,轻设计平台免费字体,付费,/
,2548029,得意黑,轻设计平台免费字体,付费,/
,2548030,荆南波波黑粗体,轻设计平台免费字体,付费,/
,2548028,辰宇落雁体,轻设计平台免费字体,付费,/
,2548027,仓耳周珂正大榜书,轻设计平台免费字体,付费,/
,2548021,仓耳小丸子,轻设计平台免费字体,付费,/
,2548011,标小智无界黑,轻设计平台免费字体,付费,/
,2548009,极影毁片辉宋,轻设计平台免费字体,付费,/
,2548010,标小智龙珠体,轻设计平台免费字体,付费,/
,2548007,江城知音体,轻设计平台免费字体,付费,/
,2548008,江城圆体,轻设计平台免费字体,付费,/
,2548005,江城律动圆体,轻设计平台免费字体,付费,/
,2548006,江城正君体,轻设计平台免费字体,付费,/
,2548003,江城尖刃黑体,轻设计平台免费字体,付费,/
,2548004,江城律动黑体,轻设计平台免费字体,付费,/
,2548002,新愚公峥嵘体宋体,轻设计平台免费字体,付费,/
,2548000,新愚公迷茫体,轻设计平台免费字体,付费,/
,2548001,新愚公峥嵘体黑体,轻设计平台免费字体,付费,/
,2547998,新愚公拼搏体,轻设计平台免费字体,付费,/
,2547999,新愚公沧桑体,轻设计平台免费字体,付费,/
,2547997,新愚公装甲宋,轻设计平台免费字体,付费,/
,2547995,文明宋常规,轻设计平台免费字体,付费,/
,2547996,风雅宋,轻设计平台免费字体,付费,/
,2547994,文明宋细体,轻设计平台免费字体,付费,/
,2547991,烟波宋细体,轻设计平台免费字体,付费,/
,2547992,烟波宋常规,轻设计平台免费字体,付费,/
,2547990,烟波宋粗体,轻设计平台免费字体,付费,/
,2547988,钟齐流江毛草,轻设计平台免费字体,付费,/
,2547989,有字库龙藏体,轻设计平台免费字体,付费,/
,2547985,马善政毛笔楷书常规,轻设计平台免费字体,付费,/
,2547986,钟齐志莽行书,轻设计平台免费字体,付费,/
,2547984,糖圆体,轻设计平台免费字体,付费,/
,2547982,悠哉字体常规,轻设计平台免费字体,付费,/
,2547983,小赖字体常规,轻设计平台免费字体,付费,/
,2547981,悠哉字体中体,轻设计平台免费字体,付费,/
,2547980,悠哉字体细体,轻设计平台免费字体,付费,/
,2547979,悠哉字体粗体,轻设计平台免费字体,付费,/
,2547977,霞鹜新晰黑常规,轻设计平台免费字体,付费,/
,2547978,霞鹜晰黑常规,轻设计平台免费字体,付费,/
,2547976,霞鹜漫黑常规,轻设计平台免费字体,付费,/
,2547974,霞鹜文楷常规,轻设计平台免费字体,付费,/
,2547973,霞鹜文楷细体,轻设计平台免费字体,付费,/
,2547972,霞鹜文楷粗体,轻设计平台免费字体,付费,/
,2129360,庞门正道粗书体6.0,轻设计平台免费字体,付费,/
,1856283,智勇手书英文体,轻设计平台免费字体,付费,/
,1856277,锐字真言体,轻设计平台免费字体,付费,/
,1856279,庞门正道标题体,轻设计平台免费字体,付费,/
,1856273,DancingScript-Bold,轻设计平台免费字体,付费,/
,1856271,Seaside-Resort-NF,轻设计平台免费字体,付费,/
,1856266,沐瑶软笔手写体,轻设计平台免费字体,付费,/
,1856268,中文像素字体,轻设计平台免费字体,付费,/
,1856265,包图小白体,轻设计平台免费字体,付费,/
,792940,郑庆科黄油体,轻设计平台免费字体,付费,/
,792927,杨任东竹石体,轻设计平台免费字体,付费,/
,792928,杨任东竹石体粗体,轻设计平台免费字体,付费,/
,792931,杨任东竹石体细体,轻设计平台免费字体,付费,/